sdg,pillar,topic
1,prosperity,poverty
2,people,"health, nutrition & population"
3,people,"health, nutrition & population"
4,people,education
5,people,gender
6,planet,water
7,infrastructure,"energy & extractives"
8,prosperity,"growth & jobs"
9,digital,connectivity
10,prosperity,poverty
11,infrastructure,"urban, resilience & land"
12,infrastructure,"energy & extractives"
13,planet,climate change
14,planet,environment
15,planet,environment
16,,
17,,