"sdg","indicator_wdi","indicator","indicator_sdg","min","max","more_is_better","target_value","start_prog_eval","end_prog_eval","granularity","support","extreme_percentile","rounding","indicator_360","minStartYear","maxEndYear","startValueMin","startValueMax","endValueMin","endValueMax","diffMin","diffMax","speedMin","speedMax","reachTargetYearMin","reachTargetYearMax","valueMin","valueMax","reached_target","theme","topic"
1,"SI.POV.DDAY","SI.POV.DDAY","1.1.1","0","100",0,3,2015,2025,0.01,1,"c(0.02, 0.02)",1,"WB_WDI_SI_POV_DDAY",2015,2025,0.3,84.3,0,86.2,-19.5,48.63,-7.53284044293966,6.29914890521244,1950,2646,0,92.1,97,"prosperity","poverty"
2,"SN.ITK.DEFC.ZS","SN.ITK.DEFC.ZS","2.1.1","NULL","NULL",0,2.5,2015,2023,0.1,1,"c(0.02, 0.02)",1,"WB_WDI_SN_ITK_DEFC_ZS",,,,,,,,,,,,,,,,"people","health, nutrition & population"
3,"SH.STA.MMRT","SH.STA.MMRT","3.1.1","NULL","NULL",0,70,2015,2023,0.1,1,"c(0.02, 0.02)",0,"WB_WDI_SH_STA_MMRT",,,,,,,,,,,,,,,,"people","health, nutrition & population"
4,"","HCI_EYRS","4.1.2","NULL","NULL",1,13,2015,2023,0.1,1,"c(0.02, 0.02)",1,,2015,2025,4.2,12.5,4.3,12.9933013916016,-2.1,2.4,-6.97916666666666,9.47916666666666,,,4.15757322311401,13,0,"people","education"
5,"SL.TLF.ACTI.FE.ZS","SL.TLF.ACTI.FE.ZS","8.5.1","NULL","NULL",1,80,2015,2024,0.1,1,"c(0.02, 0.02)",1,"WB_WDI_SL_TLF_ACTI_FE_ZS",2015,2025,13.6,76.5,4.847,87.344,-14.5,18.9,-29.9113879947213,19.8249552734844,1990,2023,4.847,87.344,13,"people","gender"
6,"SH.H2O.SMDW.ZS","SH.H2O.SMDW.ZS","6.1.1","NULL","NULL",1,99,2015,2024,0.1,1,"c(0.02, 0.02)",1,"WB_WDI_SH_H2O_SMDW_ZS",2015,2024,2.9,99.9,6.1,100,-32.1,37.1,-23.9473012444881,23.2449094115761,1950,15248,,,120,"planet","water"
7,"EG.ELC.ACCS.ZS","EG.ELC.ACCS.ZS","7.1.1","NULL","NULL",1,99,2015,2023,0.1,1,"c(0.02, 0.02)",1,"WB_WDI_EG_ELC_ACCS_ZS",2015,2023,4.8,100,5.4,100,-1.59999999999999,41.1,-0.265145035662975,9.37166338798647,1990,2772,1.5,100,141,"infrastructure","energy & extractives"
8,"NY.GDP.PCAP.KD","NY.GDP.PCAP.KD","8.1.1","122.6789","89884.08",1,93850,2015,2024,0.6,3,"c(0.05, 0.05)",0,"WB_WDI_NY_GDP_PCAP_KD",,,,,,,,,,,,,,,,"prosperity","growth & jobs"
9,"IT.NET.USER.ZS","IT.NET.USER.ZS","17.8.1","NULL","NULL",1,95,2015,2024,0.1,1,"c(0.02, 0.02)",1,"WB_WDI_IT_NET_USER_ZS",2015,2024,1.1,98.2,0,100,-10.3,73.1,-0.498638772663156,5.66996835738284,2012,2454,0,100,29,"digital","connectivity"
10,"SI.SPR.PGAP","SI.SPR.PGAP","10.1.1","0","NULL",0,0.5,2015,2024,0.1,1,"c(0.02, 0.02)",1,"WB_WDI_SI_SPR_PGAP",2015,2024,0.5,22.9,0.4,26.1,-13.8,3.6,-4.3112151620555,6.88186928821986,2007,2542,0.4,26.1,7,"prosperity","poverty"
11,"EN.POP.SLUM.UR.ZS","EN.POP.SLUM.UR.ZS","11.0.0","NULL","NULL",0,0,2015,2023,0.1,1,"c(0.02, 0.02)",1,"WB_WDI_EN_POP_SLUM_UR_ZS",,,,,,,,,,,,,,,,"infrastructure","urban, resilience & land"
12,"FF.SUB.GDP.ZS","FF.SUB.GDP.ZS","12.c.1","","",0,0,,,,,"",2,"WB_WDI_FF_SUB_GDP_ZS",,,,,,,,,,,,,,,,"infrastructure","energy & extractives"
13,"EN.GHG.ALL.PC.CE.AR5","EN.GHG.ALL.PC.CE.AR5","13.2.2","","",0,0,2015,2023,0.1,1,"c(0.02, 0.02)",1,"WB_WDI_EN_GHG_ALL_PC_CE_AR5",,,,,,,,,,,,,,,,"planet","climate change"
14,,"EN_MAR_CHLDEV","14.1.1","","",0,0,,,,,"",1,,,,,,,,,,,,,,,,,"planet","environment"
15,"ER.LND.PTLD.ZS","ER.LND.PTLD.ZS","15.1.2","","",1,30,,,,,"",1,"WB_WDI_ER_LND_PTLD_ZS",,,,,,,,,,,,,,,,"planet","environment"
16,"","GPT.USE","16.0.0","","",,,,,,,"",1,,,,,,,,,,,,,,,,,"digital",""
17,"IQ.SPI.OVRL","IQ.SPI.OVRL","17.18.1","0","NULL",1,100,2016,2024,0.1,1,"c(0.02, 0.02)",1,"WB_WDI_IQ_SPI_OVRL",2016,2024,16.6,88,27.1,94.1433333333333,-5.7,43.8,-0.333621718885559,3.04917731141632,,,11.7695833333333,95.2558333333333,0,"",""
31,"SH.DYN.MORT","SH.DYN.MORT","3.2.1","NULL","NULL",0,25,2015,2023,0.1,1,"c(0.02, 0.02)",1,"WB_WDI_SH_DYN_MORT",,,,,,,,,,,,,,,,"people","health, nutrition & population"
32,"SH.DYN.NMRT","SH.DYN.NMRT","3.2.2","NULL","NULL",0,12,2015,2023,0.1,1,"c(0.02, 0.02)",1,"WB_WDI_SH_DYN_NMRT",,,,,,,,,,,,,,,,"people","health, nutrition & population"
43,"SP.DYN.LE00.IN","lifeexpectancy","43.0.0","NULL","NULL",1,90,2015,2023,0.1,1,"c(0.02, 0.02)",2,"WB_WDI_SP_DYN_LE00_IN",2015,2023,39.8,82.3,54.5,86.372,-9.39999999999999,17.8,-5.61636520486431,4.64131820664353,,,18.818,86.497,0,"people","health, nutrition & population"
45,"","WOMEN.INDEX","45.0.0","NULL","NULL",1,100,2015,2023,0.1,1,"c(0.02, 0.02)",1,,2015,2023,15.9,94.3,2.6,96.1,-50.7,26,-36.8076923368455,10.9968507396144,,,2.6,96.1,0,"people","gender"
42,"","carbon_intensity","42.0.0","NULL","NULL",0,,2015,2022,0.1,1,"c(0.02, 0.02)",1,,2015,2024,0.4,4.6,0.0147920561823121,4,-0.6,0.5,-2.85714285714286,2.85714285714286,,,0.010428398613898,4.80027141368503,,,
47,"","ELEC_SUP_PC","47.0.0","NULL","NULL",1,,2015,2022,0.001,5,"c(0.02, 0.02)",1,,2015,2023,0.041,16.109,0.0163051377644383,50.8377842800303,-3.481,3.086,-12.0823663422526,8.30466398680684,,,0.0114925178643764,55.4400638159008,,,
44,"","SCH_YRS","44.0.0","NULL","NULL",1,13,2015,2022,0.1,1,"c(0.02, 0.02)",1,,,,,,,,,,,,,,,,,,
18,"","ID_OWN","18.0.0","","",,,,,,,"",1,,,,,,,,,,,,,,,,,,
61,"","wat_imp_prem_t","61.1.0","NULL","NULL",1,99,2015,2024,0.1,1,"c(0.02, 0.02)",1,,,,,,,,,,,,,,,,,,
62,"","wat_imp_qual_t","61.2.0","NULL","NULL",1,99,2015,2024,0.1,1,"c(0.02, 0.02)",1,,,,,,,,,,,,,,,,,,
63,"","wat_imp_av_t","61.3.0","NULL","NULL",1,99,2015,2024,0.1,1,"c(0.02, 0.02)",1,,,,,,,,,,,,,,,,,,
